pessoa feliz;predict_arvore;proba_arvore;proba_naive;predict_naive;proba_reg;predict_reg
1;1;0.7142857142857143;8.579697129590492e-18;0;0.9600642225517804;1
1;1;0.75;2.4202476200220007e-19;0;0.7991387723589284;1
1;1;0.8571428571428571;3.2805976518334406e-10;0;0.9999878034217575;1
1;1;0.8571428571428571;8.082139536815717e-12;0;0.9992679541234352;1
1;1;1.0;1.0;1;0.9876036070974437;1
1;1;1.0;3.797471765008447e-17;0;0.8924957160282729;1
1;1;1.0;3.06516669565876e-19;0;0.9360693660825737;1
1;1;0.5714285714285714;7.157581636489497e-20;0;0.7890900547167926;1
1;1;1.0;1.2570383938120372e-17;0;0.8337661449862952;1
1;1;0.8888888888888888;1.8067856597370697e-17;0;0.38276582462177366;0
1;1;1.0;3.2711606419829412e-12;0;0.9994431128216833;1
1;1;1.0;6.102190899156254e-37;0;0.5988887806380008;1
1;1;0.75;1.0;1;0.9935169068061813;1
1;1;1.0;7.116136131490664e-12;0;0.973578156345433;1
1;1;1.0;3.000655193518013e-18;0;0.8777668514016184;1
1;1;1.0;1.0;1;0.9997915923803217;1
1;1;0.8888888888888888;3.919527969803513e-18;0;0.7402403557956436;1
0;0;0.2857142857142857;2.1582721511366964e-20;0;0.226545460186739;0
0;0;0.2;1.0847836722653193e-17;0;0.9823744117084441;1
0;1;0.8;0.0;0;0.0484408258873533;0
1;1;1.0;7.551130793601744e-18;0;0.8229723661634906;1
1;1;1.0;1.0;1;0.9974243626175346;1
1;1;0.8;2.9939085674655073e-16;0;0.9577327407945739;1
0;0;0.2;1.1857334372838315e-17;0;0.7168514600579662;1
1;1;1.0;1.0;1;0.9906229860978919;1
1;1;0.6666666666666666;5.263977572097275e-19;0;0.6431304715239616;1
0;1;0.625;5.396326145621524e-18;0;0.786714040715636;1
1;1;1.0;1.4185861547534591e-12;0;0.9948486150942562;1
1;1;1.0;1.0;1;0.997542126948568;1
0;1;0.75;2.6508350892410065e-19;0;0.622334205489025;1
1;1;1.0;1.8347292718319832e-20;0;0.5473635136098056;1
1;1;0.75;1.0;1;0.9947960556982999;1
1;1;0.7142857142857143;1.0;1;0.924712875546643;1
0;0;0.2;2.1784594924285247e-24;0;0.32648546610328505;0
1;1;0.6;1.4991627633221899e-12;0;0.9840215834091582;1
0;1;0.625;2.796661557524933e-18;0;0.6051104376595363;1
1;1;1.0;2.0454017979823863e-10;0;0.9985990668440038;1
1;1;1.0;1.2954058461987031e-27;0;0.8163942654771056;1
1;1;0.7142857142857143;8.641368305553138e-17;0;0.950655881796132;1
1;1;0.8571428571428571;6.669538541481252e-06;0;0.9999180997930417;1
0;0;0.2;4.9384886361934225e-20;0;0.5179628729979902;1
1;1;1.0;1.5141701458157912e-12;0;0.9971809033545497;1
0;1;0.5714285714285714;1.413977799905219e-19;0;0.29605327904795437;0
0;1;0.6666666666666666;1.0697362477648855e-18;0;0.5584092080994157;1
1;1;0.8;1.0;1;0.8931666196553197;1
1;1;1.0;2.186997539580216e-20;0;0.7734661018044716;1
1;1;1.0;8.37282310684772e-09;0;0.9994971932502327;1
0;1;0.8888888888888888;4.027251568785077e-16;0;0.7205360244425764;1
1;1;1.0;5.171547061508311e-10;0;0.9996188233006443;1
1;1;1.0;1.2570383938120372e-17;0;0.8337661449862952;1
0;0;0.4;2.3586670759565533e-28;0;0.3063448351477882;0
1;1;0.75;5.771376059050815e-20;0;0.7017139992150879;1
0;0;0.2857142857142857;3.5804244851335283e-20;0;0.5733369953613098;1
1;1;1.0;1.6228945721439496e-15;0;0.8713052400930611;1
1;1;1.0;1.0;1;0.9907480760159664;1
1;1;1.0;1.475378309921778e-17;0;0.7122508980101757;1
1;0;0.2857142857142857;8.339803775841062e-20;0;0.3022503433064748;0
0;1;0.6;6.3336068962596044e-18;0;0.6861647378974353;1
1;1;1.0;1.0;1;0.9974622670106167;1
0;1;0.6;6.50055207540062e-20;0;0.45847177674606515;0
1;1;0.8;1.0324568065247283e-17;0;0.9172079353739002;1
1;1;0.75;1.0;1;0.9873302216464014;1
1;1;1.0;1.0;1;0.9999573494581094;1
1;1;1.0;1.0019140727424402e-19;0;0.6173027923071697;1
1;0;0.4;2.484552500050905e-16;0;0.9041120148426781;1
1;1;1.0;6.277340070637196e-16;0;0.9143400535420999;1
0;0;0.2857142857142857;3.868813657967529e-20;0;0.17775477912324097;0
1;1;1.0;2.2601572766959383e-20;0;0.8178859143717204;1
1;1;1.0;2.3770808165331678e-11;0;0.9999777835745363;1
1;1;1.0;4.468027954253244e-16;0;0.8760918516250198;1
1;1;1.0;1.0;1;0.9798620301888094;1
0;0;0.4;6.95678952427382e-16;0;0.7682427108884244;1
1;1;1.0;5.873386355313426e-20;0;0.5737028208980732;1
1;1;1.0;1.2426050195225696e-17;0;0.9409340479316962;1
0;1;0.5714285714285714;3.209581776020251e-50;0;0.020805162084640998;0
1;1;1.0;7.678551852143215e-19;0;0.9855911244476301;1
1;1;1.0;1.3484515262624933e-19;0;0.9621185145530233;1
1;1;0.8888888888888888;1.6278807562439923e-11;0;0.980059687522048;1
1;1;1.0;8.52199444508546e-22;0;0.659068004150158;1
1;1;1.0;6.958668861966725e-19;0;0.9618452480643345;1
1;1;1.0;1.1322728626555536e-19;0;0.7937122882408616;1
1;1;1.0;2.4220325504478508e-18;0;0.974503535726111;1
1;1;1.0;8.451708240106749e-20;0;0.9600667619341856;1
1;1;1.0;1.1398539216274866e-15;0;0.9372143951850032;1
1;1;1.0;7.094092752375303e-20;0;0.9848060779979743;1
1;1;1.0;1.0;1;0.999996377099384;1
1;1;0.625;4.1735627041246027e-19;0;0.4517461321205144;0
1;1;1.0;1.0;1;0.9993031543979514;1
0;1;0.7142857142857143;3.759247336790076e-17;0;0.8202416176597502;1
1;1;0.8888888888888888;1.2000527398454295e-11;0;0.9594453193621498;1
1;1;0.6;2.9611433091408614e-14;0;0.9831104097068681;1
1;1;1.0;1.0;1;0.987189852442434;1
1;1;0.625;2.683279244893968e-20;0;0.7932148216291727;1
1;0;0.4;7.261440636906954e-17;0;0.7858157156017219;1
1;1;1.0;2.1063727782091264e-26;0;0.8871435675836712;1
1;1;0.6666666666666666;3.494886030962024e-17;0;0.8537062256277747;1
1;1;1.0;2.2132997647704938e-12;0;0.9986898270100094;1
1;1;0.8888888888888888;1.6794554144209723e-17;0;0.4464382452933554;0
1;1;0.625;4.405439064232948e-20;0;0.6994763557055683;1
1;1;0.8571428571428571;4.434224043459805e-11;0;0.999801600351908;1
1;1;1.0;1.0;1;0.9998735936290171;1
1;1;1.0;4.952434532419645e-19;0;0.5341189832477196;1
0;1;0.5714285714285714;1.4748493217827976e-21;0;0.4571084556588852;0
1;1;1.0;4.682697588637633e-12;0;0.9993795736734395;1
0;1;0.8571428571428571;0.0;0;0.11213575756363381;0
1;1;1.0;1.0;1;0.9993340733268107;1
1;1;1.0;1.5332196726931834e-17;0;0.9113867081044071;1
1;1;1.0;1.0;1;0.9858765627600161;1
1;1;1.0;1.0;1;0.9999964034061098;1
1;1;1.0;1.3758049812883688e-09;0;0.9997874892274368;1
1;1;0.5714285714285714;3.3857907820018273e-22;0;0.6163136495208849;1
1;1;1.0;1.2877943437762957e-17;0;0.8685207469547668;1
0;0;0.2;7.585275843068025e-43;0;0.2971515356321545;0
1;1;1.0;1.4167790715913566e-15;0;0.9778843094147385;1
1;1;0.6;8.626338863521541e-20;0;0.8951511009119802;1
1;1;1.0;1.0;1;0.9946675381490042;1
1;1;1.0;1.0;1;0.9992567815256304;1
1;1;1.0;1.4862784974949869e-18;0;0.9379083899388391;1
1;1;1.0;0.0001438249348897416;0;0.9999840491131354;1
1;1;1.0;5.4767194565524435e-11;0;0.9994513787710815;1
1;1;0.5714285714285714;8.55890540751584e-19;0;0.7841393781470497;1
1;1;1.0;7.126006428534383e-20;0;0.9296496443455183;1
1;1;0.6666666666666666;1.5646028150867166e-19;0;0.46979587895590524;0
1;1;0.8571428571428571;0.00023657268421899851;0;0.9999877896900747;1
1;1;1.0;1.7121558990511173e-12;0;0.8958080095111606;1
1;0;0.2;4.877632571754484e-17;0;0.9354395904880075;1
1;1;1.0;1.266659936192206e-09;0;0.9991520569432629;1
1;0;0.2857142857142857;4.642549758422656e-18;0;0.7347852588525318;1
1;1;0.7142857142857143;9.38710161066927e-18;0;0.866356051146205;1
1;1;1.0;6.876031099129568e-16;0;0.8730451597395188;1
1;1;0.8571428571428571;7.72732955508486e-12;0;0.9993044107875884;1
1;1;1.0;1.0;1;0.999994247192184;1
1;1;0.625;4.301973226831618e-20;0;0.7372775697195797;1
1;1;0.6666666666666666;5.993053004849664e-20;0;0.6926695038239077;1
1;1;1.0;1.0;1;0.99811681551791;1
1;1;0.625;1.8088835900572754e-18;0;0.6887858138180624;1
1;1;1.0;4.056165608861599e-18;0;0.7472962149161239;1
1;1;1.0;1.437160225266655e-40;0;0.6862104249673042;1
0;1;0.6;8.392132740910336e-21;0;0.2114301600083057;0
1;1;1.0;6.1507289681365894e-12;0;0.9981499263800843;1
1;1;1.0;1.0;1;0.9999943557463481;1
0;1;0.6;1.5602783072554143e-18;0;0.9002489664563684;1
1;1;0.8888888888888888;6.191840211765589e-17;0;0.9328858509224565;1
1;1;0.6;3.394823278593553e-12;0;0.9921871869867429;1
1;0;0.2;2.6461467633703704e-18;0;0.7773652274137325;1
1;1;1.0;1.0;1;0.9998722540039455;1
1;1;1.0;1.243530332576414e-10;0;0.9998408519317049;1
0;1;0.7142857142857143;7.035142174180125e-19;0;0.8381298156286434;1
1;1;1.0;1.0;1;0.9966706562304557;1
0;0;0.2;3.5569920810116676e-14;0;0.8611363801699099;1
1;1;1.0;1.0;1;0.9973537890471481;1
1;1;0.8888888888888888;4.42733983923697e-11;0;0.8796325534201432;1
1;1;0.75;1.0;1;0.9958352202414897;1
1;1;1.0;3.958758296220189e-20;0;0.7713632299823463;1
0;1;0.6666666666666666;3.610675722615085e-19;0;0.8114219632918184;1
1;1;1.0;5.811691907451614e-20;0;0.5297995034664328;1
1;1;1.0;1.0363288219837221e-10;0;0.999690677633684;1
1;1;1.0;2.1138382286011023e-10;0;0.9919959544985947;1
1;1;0.7142857142857143;4.0077695314292894e-17;0;0.6986391844351647;1
1;1;1.0;2.0074836659488806e-10;0;0.9996807277365142;1
1;1;0.8;2.0961876944304141e-19;0;0.5440523401635764;1
0;0;0.2;1.1433905905397453e-49;0;0.00022921246064226987;0
1;1;1.0;1.1109744404408882e-15;0;0.8986004807166705;1
1;1;1.0;1.0;1;0.997858191207925;1
0;1;0.75;1.6980423788279818e-22;0;0.4609194725112145;0
1;1;1.0;6.356288083053493e-12;0;0.9974734674542868;1
0;0;0.2;8.300481108596933e-17;0;0.8430063971975975;1
1;1;1.0;5.2711571649863786e-20;0;0.5527918052806795;1
1;1;1.0;8.381693288649828e-18;0;0.4932257839102222;0
1;1;0.8888888888888888;2.1794088891283253e-12;0;0.9331992874459143;1
1;1;1.0;8.587498458921619e-10;0;0.9999190818499787;1
1;1;0.5714285714285714;1.0;1;0.9894712734348972;1
1;1;1.0;2.3583820089841384e-19;0;0.25131580649664836;0
1;1;1.0;1.0;1;0.9852616776984651;1
1;1;1.0;5.768726256098748e-18;0;0.5995936214526567;1
0;0;0.2857142857142857;3.6021780618742635e-21;0;0.4460334314291143;0
0;1;0.625;4.941570142335046e-20;0;0.3559271396794881;0
1;1;0.6;7.470530631196474e-13;0;0.9971608666876144;1
1;1;0.6;1.0;1;0.9976208574474045;1
0;0;0.2857142857142857;3.394326833988291e-20;0;0.4916726007654299;0
0;0;0.4;8.266187540774825e-18;0;0.5301718439396662;1
1;1;1.0;1.8281577547221472e-13;0;0.999908317834328;1
