mean_fit_time,std_fit_time,mean_score_time,std_score_time,param_criterion,param_min_samples_leaf,param_n_estimators,params,split0_test_score,split1_test_score,split2_test_score,mean_test_score,std_test_score,rank_test_score
0.4533371130625407,0.028014850639838707,0.0678101380666097,0.026095201744517436,gini,15,100,"{'criterion': 'gini', 'min_samples_leaf': 15, 'n_estimators': 100}",0.8106132914704343,0.8027305804917264,0.8273681121138747,0.8135706613586784,0.010273315550493255,58
0.9849581718444824,0.029018245367648278,0.10090676943461101,0.00853504670023902,gini,15,200,"{'criterion': 'gini', 'min_samples_leaf': 15, 'n_estimators': 200}",0.812042909471481,0.8033711981644001,0.8290703646635851,0.8148281574331554,0.010674892484836152,53
2.561561425526937,0.22573502233758092,0.2632383505503337,0.07993828935297581,gini,15,500,"{'criterion': 'gini', 'min_samples_leaf': 15, 'n_estimators': 500}",0.8119958137100995,0.8033774787298185,0.8293072544888527,0.8148935156429236,0.01078226398913415,52
5.689685344696045,0.8463860912538698,0.5650409062703451,0.05091434521045268,gini,15,1000,"{'criterion': 'gini', 'min_samples_leaf': 15, 'n_estimators': 1000}",0.8126572475143904,0.8031744071146245,0.829657348301416,0.8151630009768104,0.01095583995826234,49
0.6406691869099935,0.0225522889605397,0.08925104141235352,0.02325528832056296,gini,20,100,"{'criterion': 'gini', 'min_samples_leaf': 20, 'n_estimators': 100}",0.8116117216117216,0.8051758139612782,0.8294508558431076,0.8154127971387024,0.010268253534154111,48
1.257366418838501,0.09856454746250871,0.17217222849527994,0.0709522415048063,gini,20,200,"{'criterion': 'gini', 'min_samples_leaf': 20, 'n_estimators': 200}",0.8137687074829931,0.8042630384538085,0.8304990409106633,0.816176928949155,0.010845324774653954,37
3.077848275502523,0.328618785900735,0.2768649260203044,0.04701264780820951,gini,20,500,"{'criterion': 'gini', 'min_samples_leaf': 20, 'n_estimators': 500}",0.8134275248560965,0.8037815284384002,0.8308501829082943,0.8160197454009303,0.011201717702133086,43
4.904742320378621,0.1628448708649135,0.5017807483673096,0.01049779899046281,gini,20,1000,"{'criterion': 'gini', 'min_samples_leaf': 20, 'n_estimators': 1000}",0.8134652014652014,0.8038171183091043,0.8308900139408615,0.8160574445717224,0.011203428425099273,42
0.48180023829142254,0.023395297196585833,0.07373412450154622,0.01283379134966069,gini,25,100,"{'criterion': 'gini', 'min_samples_leaf': 25, 'n_estimators': 100}",0.8120533751962324,0.8050156595431098,0.8309067849019421,0.8159919398804282,0.010930745992090006,44
0.9788491725921631,0.039784282783537565,0.09598143895467122,0.0028681963447447314,gini,25,200,"{'criterion': 'gini', 'min_samples_leaf': 25, 'n_estimators': 200}",0.8123694400837258,0.8042232615394922,0.8311803612045742,0.8159243542759307,0.011288618656970263,45
2.3112215995788574,0.11023911210010033,0.22812493642171225,0.009930396430181346,gini,25,500,"{'criterion': 'gini', 'min_samples_leaf': 25, 'n_estimators': 500}",0.8133553113553114,0.804560318550278,0.8318836933849041,0.8165997744301645,0.01138819882075106,21
4.473576466242473,0.268149091125004,0.47889939943949383,0.04060596672748439,gini,25,1000,"{'criterion': 'gini', 'min_samples_leaf': 25, 'n_estimators': 1000}",0.8133908948194661,0.8046712752060026,0.831973837300714,0.8166786691087276,0.011386090024432999,20
0.5315179030100504,0.02151044838178169,0.08513172467549641,0.010380101487582116,gini,30,100,"{'criterion': 'gini', 'min_samples_leaf': 30, 'n_estimators': 100}",0.8128006279434851,0.804339451999732,0.8315472259782187,0.8162291019738119,0.01136900953905174,36
1.0090244611104329,0.049502038899419,0.13749353090922037,0.038913357347499934,gini,30,200,"{'criterion': 'gini', 'min_samples_leaf': 30, 'n_estimators': 200}",0.8142281527995814,0.8049706488242783,0.8314088655493015,0.8168692223910536,0.010953728812298709,8
2.608487288157145,0.03912452619021849,0.29763197898864746,0.04028843153025586,gini,30,500,"{'criterion': 'gini', 'min_samples_leaf': 30, 'n_estimators': 500}",0.8141862899005757,0.8037647802639513,0.8316038279718668,0.8165182993787979,0.011484245599248518,26
4.776767333348592,0.04229961420935403,0.5206251939137777,0.052717469891333385,gini,30,1000,"{'criterion': 'gini', 'min_samples_leaf': 30, 'n_estimators': 1000}",0.814226059654631,0.8041813911033697,0.8325901701204363,0.8169992069594789,0.011762438545101112,3
0.39195720354715985,0.01761104411109573,0.05147488911946615,0.0011070574947336597,gini,50,100,"{'criterion': 'gini', 'min_samples_leaf': 50, 'n_estimators': 100}",0.813767660910518,0.8039374958129565,0.8312767942307895,0.8163273169847547,0.011307024038434811,33
0.714179277420044,0.008387036455500064,0.09132242202758789,0.0052782086399065,gini,50,200,"{'criterion': 'gini', 'min_samples_leaf': 50, 'n_estimators': 200}",0.8136525379382522,0.8043813224358544,0.8316824418519334,0.8165721007420134,0.011335215497630417,23
2.0090718269348145,0.01885172312455932,0.23323750495910645,0.01611506644827164,gini,50,500,"{'criterion': 'gini', 'min_samples_leaf': 50, 'n_estimators': 500}",0.8138785975928833,0.8041416141890534,0.83171388740396,0.8165780330619655,0.011417027530496398,22
3.9389150937398276,0.21979086431778902,0.44914444287618,0.040676137637159854,gini,50,1000,"{'criterion': 'gini', 'min_samples_leaf': 50, 'n_estimators': 1000}",0.8139790685504972,0.804001348228043,0.832145739651793,0.8167087188101111,0.011650892242175262,19
0.5991779168446859,0.013648683270704193,0.08719674746195476,0.02869415646542444,entropy,15,100,"{'criterion': 'entropy', 'min_samples_leaf': 15, 'n_estimators': 100}",0.8116807953950811,0.8003732749380317,0.8286196450845362,0.8135579051392163,0.011607670232996269,59
1.238702932993571,0.21325040776552057,0.1071306864420573,0.012919295503036271,entropy,15,200,"{'criterion': 'entropy', 'min_samples_leaf': 15, 'n_estimators': 200}",0.8127294610151753,0.8025400700073693,0.8285085374673753,0.81459268949664,0.010683134397605534,56
2.6597246328989663,0.013254902257285619,0.22325921058654785,9.934762297346394e-05,entropy,15,500,"{'criterion': 'entropy', 'min_samples_leaf': 15, 'n_estimators': 500}",0.8124803767660912,0.8029797095866551,0.8289634497866942,0.8148078453798137,0.01073472624419394,54
5.060754776000977,0.028047597066439032,0.45057304700215656,0.03515177582399561,entropy,15,1000,"{'criterion': 'entropy', 'min_samples_leaf': 15, 'n_estimators': 1000}",0.8128435374149661,0.8033167665974408,0.8291919541314214,0.8151174193812761,0.010685168439701812,50
0.508256753285726,0.008632215083391279,0.060556650161743164,0.004186570784255826,entropy,20,100,"{'criterion': 'entropy', 'min_samples_leaf': 20, 'n_estimators': 100}",0.812880167451596,0.8033711981644001,0.8303177048939762,0.8155230235033241,0.011158466809688787,46
1.0745916366577148,0.15495347601442053,0.11525265375773112,0.018053183800669816,entropy,20,200,"{'criterion': 'entropy', 'min_samples_leaf': 20, 'n_estimators': 200}",0.813869178440607,0.8041143984055737,0.8302254646080313,0.8160696804847373,0.010772761994708259,40
3.063997268676758,0.2931644811349403,0.27143430709838867,0.05394111465633713,entropy,20,500,"{'criterion': 'entropy', 'min_samples_leaf': 20, 'n_estimators': 500}",0.8139989534275247,0.8040578733168084,0.830296741192625,0.816117855978986,0.010816248821967845,38
5.832876284917195,0.5479295585844851,0.6982072194417318,0.33536470329112855,entropy,20,1000,"{'criterion': 'entropy', 'min_samples_leaf': 20, 'n_estimators': 1000}",0.8139738356881213,0.8042274485831045,0.8306007148622161,0.8162673330444806,0.010888293136819074,34
0.4920748869578044,0.031331935885284865,0.0559388796488444,0.004263818505040611,entropy,25,100,"{'criterion': 'entropy', 'min_samples_leaf': 25, 'n_estimators': 100}",0.8132726321297751,0.8043949303275942,0.8313480708153832,0.8163385444242509,0.011215103185338521,31
1.1100208759307861,0.08346838344509169,0.14051326115926108,0.033864336826867285,entropy,25,200,"{'criterion': 'entropy', 'min_samples_leaf': 25, 'n_estimators': 200}",0.8137414965986395,0.8043781821531453,0.8310954582141022,0.8164050456552956,0.01106869700890027,27
2.4550503889719644,0.05916981719872261,0.21363107363382974,0.010942886135442071,entropy,25,500,"{'criterion': 'entropy', 'min_samples_leaf': 25, 'n_estimators': 500}",0.8142009419152276,0.8045896278555638,0.8308900139408615,0.8165601945705511,0.010865914039713615,24
4.454420248667399,0.11192546881977726,0.37686872482299805,0.01501435689410697,entropy,25,1000,"{'criterion': 'entropy', 'min_samples_leaf': 25, 'n_estimators': 1000}",0.8142448979591836,0.8047885124271454,0.8313554081108561,0.816796272832395,0.010994911607194527,11
0.41429607073465985,0.007079002714552883,0.05060529708862305,0.0002032395911045833,entropy,30,100,"{'criterion': 'entropy', 'min_samples_leaf': 30, 'n_estimators': 100}",0.8142658294086866,0.8051580190259262,0.8309162185675504,0.8167800223340543,0.010664960867439033,13
0.9153608481089274,0.09300446041732371,0.09356649716695149,0.009314154193036453,entropy,30,200,"{'criterion': 'entropy', 'min_samples_leaf': 30, 'n_estimators': 200}",0.8138723181580325,0.8049539006498292,0.8314172510298419,0.8167478232792345,0.01099328963839225,15
2.339687983194987,0.1957111749673512,0.25217628479003906,0.026475155578067382,entropy,30,500,"{'criterion': 'entropy', 'min_samples_leaf': 30, 'n_estimators': 500}",0.8143558346415489,0.8045331027667983,0.8320126201482134,0.816967185852187,0.011369413213760525,4
5.0514326095581055,0.30621426477880354,0.5011484622955322,0.12913976864275759,entropy,30,1000,"{'criterion': 'entropy', 'min_samples_leaf': 30, 'n_estimators': 1000}",0.8144039769754055,0.8048638792121658,0.8322484617884134,0.817172105991995,0.011349764884736406,1
0.4233871301015218,0.0061604902463140345,0.058089812596639,0.0056835679981381525,entropy,50,100,"{'criterion': 'entropy', 'min_samples_leaf': 50, 'n_estimators': 100}",0.8137739403453689,0.8039657583573391,0.8314130582895716,0.8163842523307597,0.011356315860591682,29
0.853856643040975,0.025331753027706135,0.115447998046875,0.008190039643386335,entropy,50,200,"{'criterion': 'entropy', 'min_samples_leaf': 50, 'n_estimators': 200}",0.8142093144950289,0.8041437077108595,0.8321069568042934,0.8168199930033939,0.011564242493447535,9
2.160619020462036,0.1430086757223527,0.24548959732055664,0.0221953240952297,entropy,50,500,"{'criterion': 'entropy', 'min_samples_leaf': 50, 'n_estimators': 500}",0.8141810570382,0.8040536862731962,0.8319581145247005,0.8167309526120322,0.011533740491529616,17
4.5063854058583575,0.293315042593161,0.4191938241322835,0.02680123277780189,entropy,50,1000,"{'criterion': 'entropy', 'min_samples_leaf': 50, 'n_estimators': 1000}",0.8140680272108843,0.8042881607154819,0.832364810330912,0.8169069994190927,0.011636705885720487,6
0.4816977183024089,0.0022120894315291774,0.050751288731892906,0.00021205411222616595,log_loss,15,100,"{'criterion': 'log_loss', 'min_samples_leaf': 15, 'n_estimators': 100}",0.8116807953950811,0.8003732749380317,0.8286196450845362,0.8135579051392163,0.011607670232996269,59
0.9230775833129883,0.005512170615224338,0.0895388921101888,0.004940847267497417,log_loss,15,200,"{'criterion': 'log_loss', 'min_samples_leaf': 15, 'n_estimators': 200}",0.8127294610151753,0.8025400700073693,0.8285085374673753,0.81459268949664,0.010683134397605534,56
2.313727299372355,0.03267629710064459,0.19959123929341635,0.0014634705481506947,log_loss,15,500,"{'criterion': 'log_loss', 'min_samples_leaf': 15, 'n_estimators': 500}",0.8124803767660912,0.8029797095866551,0.8289634497866942,0.8148078453798137,0.01073472624419394,54
4.866587003072103,0.2731721024458694,0.3736642201741536,0.005013185187554342,log_loss,15,1000,"{'criterion': 'log_loss', 'min_samples_leaf': 15, 'n_estimators': 1000}",0.8128435374149661,0.8033167665974408,0.8291919541314214,0.8151174193812761,0.010685168439701812,50
0.45530978838602704,0.012263842673914612,0.05112330118815104,0.000493899047088992,log_loss,20,100,"{'criterion': 'log_loss', 'min_samples_leaf': 20, 'n_estimators': 100}",0.812880167451596,0.8033711981644001,0.8303177048939762,0.8155230235033241,0.011158466809688787,46
0.8771317005157471,0.007693298020333176,0.08610232671101888,0.006055734004500009,log_loss,20,200,"{'criterion': 'log_loss', 'min_samples_leaf': 20, 'n_estimators': 200}",0.813869178440607,0.8041143984055737,0.8302254646080313,0.8160696804847373,0.010772761994708259,40
2.31611704826355,0.12670448312885524,0.20789051055908203,0.012791628451151851,log_loss,20,500,"{'criterion': 'log_loss', 'min_samples_leaf': 20, 'n_estimators': 500}",0.8139989534275247,0.8040578733168084,0.830296741192625,0.816117855978986,0.010816248821967845,38
4.45903221766154,0.015737099917276648,0.40497763951619464,0.0521894564935425,log_loss,20,1000,"{'criterion': 'log_loss', 'min_samples_leaf': 20, 'n_estimators': 1000}",0.8139738356881213,0.8042274485831045,0.8306007148622161,0.8162673330444806,0.010888293136819074,34
0.44173630078633624,0.004070758220686515,0.05124004681905111,0.0004943811205504241,log_loss,25,100,"{'criterion': 'log_loss', 'min_samples_leaf': 25, 'n_estimators': 100}",0.8132726321297751,0.8043949303275942,0.8313480708153832,0.8163385444242509,0.011215103185338521,31
0.8408218224843343,0.011810144603139274,0.08563391367594402,0.004828010740797801,log_loss,25,200,"{'criterion': 'log_loss', 'min_samples_leaf': 25, 'n_estimators': 200}",0.8137414965986395,0.8043781821531453,0.8310954582141022,0.8164050456552956,0.01106869700890027,27
2.2529669602711997,0.04843930754044072,0.21460040410359701,0.005201274449533374,log_loss,25,500,"{'criterion': 'log_loss', 'min_samples_leaf': 25, 'n_estimators': 500}",0.8142009419152276,0.8045896278555638,0.8308900139408615,0.8165601945705511,0.010865914039713615,24
4.519204934438069,0.1569464235727992,0.41763774553934735,0.041256427402223,log_loss,25,1000,"{'criterion': 'log_loss', 'min_samples_leaf': 25, 'n_estimators': 1000}",0.8142448979591836,0.8047885124271454,0.8313554081108561,0.816796272832395,0.010994911607194527,11
0.45771463712056476,0.009918915693002137,0.05834190050760905,0.010967624371856858,log_loss,30,100,"{'criterion': 'log_loss', 'min_samples_leaf': 30, 'n_estimators': 100}",0.8142658294086866,0.8051580190259262,0.8309162185675504,0.8167800223340543,0.010664960867439033,13
0.8665167490641276,0.049192436866454824,0.11065030097961426,0.03940837769514929,log_loss,30,200,"{'criterion': 'log_loss', 'min_samples_leaf': 30, 'n_estimators': 200}",0.8138723181580325,0.8049539006498292,0.8314172510298419,0.8167478232792345,0.01099328963839225,15
2.2954068183898926,0.11054855365407214,0.28981765111287433,0.05769312062022247,log_loss,30,500,"{'criterion': 'log_loss', 'min_samples_leaf': 30, 'n_estimators': 500}",0.8143558346415489,0.8045331027667983,0.8320126201482134,0.816967185852187,0.011369413213760525,4
4.723886887232463,0.0904437038498306,0.41959015528361004,0.013847747106025814,log_loss,30,1000,"{'criterion': 'log_loss', 'min_samples_leaf': 30, 'n_estimators': 1000}",0.8144039769754055,0.8048638792121658,0.8322484617884134,0.817172105991995,0.011349764884736406,1
0.40549317995707196,0.0044620174020526555,0.05080286661783854,0.0004036117106102727,log_loss,50,100,"{'criterion': 'log_loss', 'min_samples_leaf': 50, 'n_estimators': 100}",0.8137739403453689,0.8039657583573391,0.8314130582895716,0.8163842523307597,0.011356315860591682,29
0.8070025444030762,0.04782991720938458,0.09070380528767903,0.005128696849487594,log_loss,50,200,"{'criterion': 'log_loss', 'min_samples_leaf': 50, 'n_estimators': 200}",0.8142093144950289,0.8041437077108595,0.8321069568042934,0.8168199930033939,0.011564242493447535,9
2.078218460083008,0.160508936350181,0.21113125483194986,0.016904149504270015,log_loss,50,500,"{'criterion': 'log_loss', 'min_samples_leaf': 50, 'n_estimators': 500}",0.8141810570382,0.8040536862731962,0.8319581145247005,0.8167309526120322,0.011533740491529616,17
3.7337144215901694,0.10569894722331723,0.40672914187113446,0.037510093040011315,log_loss,50,1000,"{'criterion': 'log_loss', 'min_samples_leaf': 50, 'n_estimators': 1000}",0.8140680272108843,0.8042881607154819,0.832364810330912,0.8169069994190927,0.011636705885720487,6
