mean_fit_time,std_fit_time,mean_score_time,std_score_time,param_Model__criterion,param_Model__min_samples_leaf,param_Model__n_estimators,params,split0_test_score,split1_test_score,split2_test_score,mean_test_score,std_test_score,rank_test_score
4.357411543528239,0.856900682933474,0.4035345713297526,0.11795444656406319,gini,15,100,"{'Model__criterion': 'gini', 'Model__min_samples_leaf': 15, 'Model__n_estimators': 100}",0.8126687598116169,0.7980400448851075,0.8304476798423529,0.8137188281796924,0.013251180665982014,30
3.541757106781006,0.09438334859822455,0.4122467835744222,0.06117020544204806,gini,15,200,"{'Model__criterion': 'gini', 'Model__min_samples_leaf': 15, 'Model__n_estimators': 200}",0.8126415489272631,0.7989308384136129,0.8309298449734286,0.814167410771435,0.013108020343270915,23
4.630162080128987,0.23141899820595135,0.5062865416208903,0.07458953536640135,gini,15,500,"{'Model__criterion': 'gini', 'Model__min_samples_leaf': 15, 'Model__n_estimators': 500}",0.8130078492935635,0.7995630819990622,0.8303428613355974,0.8143045975427411,0.012599202911765452,19
6.97333296140035,0.8098081009218661,0.8608528772989908,0.11903102769189326,gini,15,1000,"{'Model__criterion': 'gini', 'Model__min_samples_leaf': 15, 'Model__n_estimators': 1000}",0.8128048142333856,0.8001785774100623,0.8305252455373521,0.8145028790602665,0.012447024670557076,12
3.8379177252451577,0.8810172893493732,0.357341210047404,0.08272457048782411,gini,20,100,"{'Model__criterion': 'gini', 'Model__min_samples_leaf': 20, 'Model__n_estimators': 100}",0.812356881214024,0.800802446908287,0.8307453644015388,0.8146348975079499,0.012329817400066275,3
3.437294324239095,0.12402004659528398,0.3567654291788737,0.04107663787292523,gini,20,200,"{'Model__criterion': 'gini', 'Model__min_samples_leaf': 20, 'Model__n_estimators': 200}",0.81196336996337,0.800362807329001,0.8305965221219458,0.814307566471439,0.012453669352085592,18
4.217251539230347,0.05465667471431819,0.47567001978556317,0.03902298680356571,gini,20,500,"{'Model__criterion': 'gini', 'Model__min_samples_leaf': 20, 'Model__n_estimators': 500}",0.8117540554683411,0.8003146563274602,0.8304644508034337,0.8141777208664117,0.01242733927562434,22
5.619159460067749,0.1388470099979097,0.6586763064066569,0.0504248647658533,gini,20,1000,"{'Model__criterion': 'gini', 'Model__min_samples_leaf': 20, 'Model__n_estimators': 1000}",0.8123882783882784,0.7999210742279091,0.8310514344412648,0.8144535956858174,0.012792549482881437,17
3.192544142405192,0.17640517763135194,0.3326992193857829,0.005346655374160866,gini,25,100,"{'Model__criterion': 'gini', 'Model__min_samples_leaf': 25, 'Model__n_estimators': 100}",0.8118901098901099,0.7987047380585517,0.8287559091433183,0.81311691903066,0.012298970590852481,46
3.3357452551523843,0.11668472823897595,0.37136324246724445,0.03145945223768702,gini,25,200,"{'Model__criterion': 'gini', 'Model__min_samples_leaf': 25, 'Model__n_estimators': 200}",0.8123506017791732,0.7989036226301333,0.8296950829638481,0.8136497691243848,0.012604083576731038,31
5.53317920366923,0.6336583973573933,0.5579440593719482,0.08199404701354483,gini,25,500,"{'Model__criterion': 'gini', 'Model__min_samples_leaf': 25, 'Model__n_estimators': 500}",0.8127022501308216,0.7989161837609701,0.8303973669591104,0.8140052669503007,0.012885123554254387,29
5.698458353678386,0.2800192777549462,0.6845597426096598,0.05270060347065242,gini,25,1000,"{'Model__criterion': 'gini', 'Model__min_samples_leaf': 25, 'Model__n_estimators': 1000}",0.8123045525902669,0.7992155573792457,0.8308543756485646,0.8141248285393591,0.012980466318482285,26
2.8968849182128906,0.07609543343036085,0.3274184862772624,0.023705698460407574,gini,30,100,"{'Model__criterion': 'gini', 'Model__min_samples_leaf': 30, 'Model__n_estimators': 100}",0.811265306122449,0.7994238627989548,0.829126966657233,0.8132720451928789,0.012208981556665752,41
3.4848787784576416,0.3425289756663622,0.3625502586364746,0.033911572050816435,gini,30,200,"{'Model__criterion': 'gini', 'Model__min_samples_leaf': 30, 'Model__n_estimators': 200}",0.811541601255887,0.7991810142694447,0.8294917350607424,0.8134047835286914,0.01244423654704648,38
3.9564641316731772,0.1332004297701649,0.5060537656148275,0.032298440274497096,gini,30,500,"{'Model__criterion': 'gini', 'Model__min_samples_leaf': 30, 'Model__n_estimators': 500}",0.8113731030873887,0.799016672807664,0.8297244321457397,0.8133714026802642,0.012615771130836142,40
5.593364397684733,0.15969839479762044,0.6278095245361328,0.06370587279106442,gini,30,1000,"{'Model__criterion': 'gini', 'Model__min_samples_leaf': 30, 'Model__n_estimators': 1000}",0.8110047095761381,0.7988596586722048,0.8302652956405983,0.813376554629647,0.012930525770852526,39
3.124312480290731,0.29788233932798597,0.3423728148142497,0.019794907980741017,gini,50,100,"{'Model__criterion': 'gini', 'Model__min_samples_leaf': 50, 'Model__n_estimators': 100}",0.8110779696493983,0.7973743049507603,0.8262088194291585,0.8115536980097723,0.011776446674213351,59
3.387401024500529,0.18092535684522637,0.3579442501068115,0.041802436098162365,gini,50,200,"{'Model__criterion': 'gini', 'Model__min_samples_leaf': 50, 'Model__n_estimators': 200}",0.8106729461015175,0.7976830994171635,0.8265369013553032,0.811630982291328,0.01179897867266735,57
4.245264053344727,0.16549504195714934,0.4838546911875407,0.011859742006888812,gini,50,500,"{'Model__criterion': 'gini', 'Model__min_samples_leaf': 50, 'Model__n_estimators': 500}",0.810152799581371,0.7974140818650768,0.8270630902592162,0.8115433239018879,0.012144027149272447,60
5.747804482777913,0.16344067836159715,0.6950747966766357,0.05596841114321858,gini,50,1000,"{'Model__criterion': 'gini', 'Model__min_samples_leaf': 50, 'Model__n_estimators': 1000}",0.8102951334379906,0.7970717910497755,0.8273964131106988,0.8115877791994883,0.01241367191400934,58
3.031191905339559,0.17178204287136353,0.3336795171101888,0.02357836676107119,entropy,15,100,"{'Model__criterion': 'entropy', 'Model__min_samples_leaf': 15, 'Model__n_estimators': 100}",0.8128278388278389,0.8002727858913379,0.8306132930830267,0.8145713059340678,0.012447659815539799,8
3.2489330768585205,0.05429053863578171,0.3633965651194255,0.03365863259318825,entropy,15,200,"{'Model__criterion': 'entropy', 'Model__min_samples_leaf': 15, 'Model__n_estimators': 200}",0.8131522762951334,0.8003000016748175,0.8303994633292454,0.814617247099732,0.01233163959267214,4
4.187385082244873,0.32050807516407515,0.451183557510376,0.03549465505144121,entropy,15,500,"{'Model__criterion': 'entropy', 'Model__min_samples_leaf': 15, 'Model__n_estimators': 500}",0.8133532182103611,0.8003230304146848,0.8299235873085753,0.8145332786445403,0.012113151229919458,10
5.442565441131592,0.05195813277446868,0.6341712474822998,0.025077479852246558,entropy,15,1000,"{'Model__criterion': 'entropy', 'Model__min_samples_leaf': 15, 'Model__n_estimators': 1000}",0.8131187859759288,0.8001597357138073,0.8301541880234374,0.8144775699043912,0.012282820323846779,13
2.802412192026774,0.04727415782761279,0.31267110506693524,0.034725892598618316,entropy,20,100,"{'Model__criterion': 'entropy', 'Model__min_samples_leaf': 20, 'Model__n_estimators': 100}",0.8128644688644688,0.8010641371340524,0.8302170791274907,0.8147152283753373,0.01197337295261158,1
3.1174089908599854,0.051214926146077935,0.36346912384033203,0.029649003132604247,entropy,20,200,"{'Model__criterion': 'entropy', 'Model__min_samples_leaf': 20, 'Model__n_estimators': 200}",0.8118545264259549,0.8001702033228377,0.8306971478884312,0.8142406258790746,0.012576265717025269,20
4.076144695281982,0.02536777760148654,0.48539280891418457,0.020469874321186618,entropy,20,500,"{'Model__criterion': 'entropy', 'Model__min_samples_leaf': 20, 'Model__n_estimators': 500}",0.812283621140764,0.80017439036645,0.8309298449734286,0.8144626188268808,0.012650046645699431,15
5.276150385538737,0.09240599962346069,0.6357061862945557,0.029431030673240873,entropy,20,1000,"{'Model__criterion': 'entropy', 'Model__min_samples_leaf': 20, 'Model__n_estimators': 1000}",0.8129324960753531,0.7998645491391441,0.8310241816295085,0.8146070756146685,0.012775858398003756,6
2.8886069456736245,0.08448768388826965,0.3171095848083496,0.032943254600508294,entropy,25,100,"{'Model__criterion': 'entropy', 'Model__min_samples_leaf': 25, 'Model__n_estimators': 100}",0.8113448456305599,0.799050169156562,0.8290546418875716,0.8131498855582312,0.012315592361496874,42
3.2170966466267905,0.058489739210436216,0.3717223008473714,0.010213502595243352,entropy,25,200,"{'Model__criterion': 'entropy', 'Model__min_samples_leaf': 25, 'Model__n_estimators': 200}",0.811665096807954,0.7995086504321028,0.8295147951322286,0.8135628474574285,0.012323237482818298,32
4.022633711496989,0.18303777200851176,0.47155102094014484,0.046583669404983694,entropy,25,500,"{'Model__criterion': 'entropy', 'Model__min_samples_leaf': 25, 'Model__n_estimators': 500}",0.8124092098377813,0.7995358662155825,0.830504281836001,0.8141497859631216,0.012702569174405204,24
5.178253332773845,0.05395124516146699,0.6496991316477457,0.052486357766358,entropy,25,1000,"{'Model__criterion': 'entropy', 'Model__min_samples_leaf': 25, 'Model__n_estimators': 1000}",0.8119759288330717,0.7992029962484088,0.8308774357200507,0.8140187869338438,0.013011468809620562,27
2.705533822377523,0.06988809724979422,0.30272920926411945,0.03350495581101748,entropy,30,100,"{'Model__criterion': 'entropy', 'Model__min_samples_leaf': 30, 'Model__n_estimators': 100}",0.8112810047095761,0.798422112614725,0.8278586627254908,0.8125205933499307,0.01204934453553053,47
3.044036785761515,0.09214306758466723,0.3526875178019206,0.039084520535617076,entropy,30,200,"{'Model__criterion': 'entropy', 'Model__min_samples_leaf': 30, 'Model__n_estimators': 200}",0.8111104133961277,0.7985110872914852,0.8297432994769556,0.8131216000548562,0.01282956022451656,44
3.7939585049947104,0.08598878413822908,0.4543874263763428,0.03507387189792542,entropy,30,500,"{'Model__criterion': 'entropy', 'Model__min_samples_leaf': 30, 'Model__n_estimators': 500}",0.811462061747776,0.7989015291083273,0.8301353206922214,0.8134996371827748,0.012832282712401978,34
5.174460093180339,0.06906229435895583,0.6425151030222574,0.03469454273971712,entropy,30,1000,"{'Model__criterion': 'entropy', 'Model__min_samples_leaf': 30, 'Model__n_estimators': 1000}",0.8110716902145474,0.7988722198030415,0.830372210517489,0.8134387068450258,0.012968280008011646,36
3.0095438957214355,0.21360153675625132,0.34310515721638996,0.04949296015637832,entropy,50,100,"{'Model__criterion': 'entropy', 'Model__min_samples_leaf': 50, 'Model__n_estimators': 100}",0.8110507587650446,0.7980107355798218,0.8266626835634099,0.8119080593027587,0.011712806494674469,51
3.0525328318277993,0.039534083945205974,0.3468157450358073,0.03233521942071433,entropy,50,200,"{'Model__criterion': 'entropy', 'Model__min_samples_leaf': 50, 'Model__n_estimators': 200}",0.8108372579801151,0.7975773765659542,0.8268031403624623,0.8117392583028439,0.011948403542146623,55
3.953949769337972,0.17296516269813514,0.49264200528462726,0.06020377642601854,entropy,50,500,"{'Model__criterion': 'entropy', 'Model__min_samples_leaf': 50, 'Model__n_estimators': 500}",0.8105504971219257,0.7974999162591279,0.8276794230789387,0.8119099454866641,0.012358174969469799,49
5.32746164004008,0.1630132653233418,0.6633178393046061,0.04527925848896324,entropy,50,1000,"{'Model__criterion': 'entropy', 'Model__min_samples_leaf': 50, 'Model__n_estimators': 1000}",0.8103160648874935,0.7972350857506532,0.8279037346833957,0.8118182951071807,0.012565402992997857,53
2.816849629084269,0.06646051849598474,0.3153785864512126,0.038673539966122814,log_loss,15,100,"{'Model__criterion': 'log_loss', 'Model__min_samples_leaf': 15, 'Model__n_estimators': 100}",0.8128278388278389,0.8002727858913379,0.8306132930830267,0.8145713059340678,0.012447659815539799,8
3.1556379795074463,0.01530147058287087,0.36817312240600586,0.031726198788328636,log_loss,15,200,"{'Model__criterion': 'log_loss', 'Model__min_samples_leaf': 15, 'Model__n_estimators': 200}",0.8131522762951334,0.8003000016748175,0.8303994633292454,0.814617247099732,0.01233163959267214,4
4.152236620585124,0.060082464996100544,0.468214750289917,0.04302104650980641,log_loss,15,500,"{'Model__criterion': 'log_loss', 'Model__min_samples_leaf': 15, 'Model__n_estimators': 500}",0.8133532182103611,0.8003230304146848,0.8299235873085753,0.8145332786445403,0.012113151229919458,10
5.331799586613973,0.07658961718900334,0.641903797785441,0.03779243161269312,log_loss,15,1000,"{'Model__criterion': 'log_loss', 'Model__min_samples_leaf': 15, 'Model__n_estimators': 1000}",0.8131187859759288,0.8001597357138073,0.8301541880234374,0.8144775699043912,0.012282820323846779,13
2.814939339955648,0.06978401692152672,0.3003498713175456,0.03650441785742753,log_loss,20,100,"{'Model__criterion': 'log_loss', 'Model__min_samples_leaf': 20, 'Model__n_estimators': 100}",0.8128644688644688,0.8010641371340524,0.8302170791274907,0.8147152283753373,0.01197337295261158,1
3.279834191004435,0.12241667666220483,0.3918760617574056,0.07073258274038895,log_loss,20,200,"{'Model__criterion': 'log_loss', 'Model__min_samples_leaf': 20, 'Model__n_estimators': 200}",0.8118545264259549,0.8001702033228377,0.8306971478884312,0.8142406258790746,0.012576265717025269,20
4.121278603871663,0.1569657388182628,0.4834001859029134,0.04477617081900261,log_loss,20,500,"{'Model__criterion': 'log_loss', 'Model__min_samples_leaf': 20, 'Model__n_estimators': 500}",0.812283621140764,0.80017439036645,0.8309298449734286,0.8144626188268808,0.012650046645699431,15
5.638198932011922,0.13838169189834215,0.7191259066263834,0.0075530010543886986,log_loss,20,1000,"{'Model__criterion': 'log_loss', 'Model__min_samples_leaf': 20, 'Model__n_estimators': 1000}",0.8129324960753531,0.7998645491391441,0.8310241816295085,0.8146070756146685,0.012775858398003756,6
3.2263036568959556,0.111623271395427,0.37907878557840985,0.024115777779795303,log_loss,25,100,"{'Model__criterion': 'log_loss', 'Model__min_samples_leaf': 25, 'Model__n_estimators': 100}",0.8113448456305599,0.799050169156562,0.8290546418875716,0.8131498855582312,0.012315592361496874,42
3.3126590251922607,0.042158656784019324,0.3445730209350586,0.028669342211933027,log_loss,25,200,"{'Model__criterion': 'log_loss', 'Model__min_samples_leaf': 25, 'Model__n_estimators': 200}",0.811665096807954,0.7995086504321028,0.8295147951322286,0.8135628474574285,0.012323237482818298,32
5.123180866241455,0.5717815221971048,0.5218702952067057,0.13667032574195714,log_loss,25,500,"{'Model__criterion': 'log_loss', 'Model__min_samples_leaf': 25, 'Model__n_estimators': 500}",0.8124092098377813,0.7995358662155825,0.830504281836001,0.8141497859631216,0.012702569174405204,24
6.612141132354736,0.7439255522713013,0.6875605583190918,0.018897802822628307,log_loss,25,1000,"{'Model__criterion': 'log_loss', 'Model__min_samples_leaf': 25, 'Model__n_estimators': 1000}",0.8119759288330717,0.7992029962484088,0.8308774357200507,0.8140187869338438,0.013011468809620562,27
3.2165135542551675,0.22895521358818313,0.3338464101155599,0.03861239341209797,log_loss,30,100,"{'Model__criterion': 'log_loss', 'Model__min_samples_leaf': 30, 'Model__n_estimators': 100}",0.8112810047095761,0.798422112614725,0.8278586627254908,0.8125205933499307,0.01204934453553053,47
3.3570823669433594,0.06825383045410612,0.4037526448567708,0.03866281608733054,log_loss,30,200,"{'Model__criterion': 'log_loss', 'Model__min_samples_leaf': 30, 'Model__n_estimators': 200}",0.8111104133961277,0.7985110872914852,0.8297432994769556,0.8131216000548562,0.01282956022451656,44
5.645480314890544,1.440175641584599,0.6386171181996664,0.1511371506987193,log_loss,30,500,"{'Model__criterion': 'log_loss', 'Model__min_samples_leaf': 30, 'Model__n_estimators': 500}",0.811462061747776,0.7989015291083273,0.8301353206922214,0.8134996371827748,0.012832282712401978,34
7.083597660064697,1.0602681051951968,0.8794024785359701,0.29520222210899244,log_loss,30,1000,"{'Model__criterion': 'log_loss', 'Model__min_samples_leaf': 30, 'Model__n_estimators': 1000}",0.8110716902145474,0.7988722198030415,0.830372210517489,0.8134387068450258,0.012968280008011646,36
2.8745877742767334,0.230343791265541,0.3005696137746175,0.04174348083922578,log_loss,50,100,"{'Model__criterion': 'log_loss', 'Model__min_samples_leaf': 50, 'Model__n_estimators': 100}",0.8110507587650446,0.7980107355798218,0.8266626835634099,0.8119080593027587,0.011712806494674469,51
3.493131637573242,0.396844849946246,0.40662066141764325,0.07641012584803925,log_loss,50,200,"{'Model__criterion': 'log_loss', 'Model__min_samples_leaf': 50, 'Model__n_estimators': 200}",0.8108372579801151,0.7975773765659542,0.8268031403624623,0.8117392583028439,0.011948403542146623,55
5.168646732966105,1.0310788074852095,0.6143528620402018,0.23761766511177207,log_loss,50,500,"{'Model__criterion': 'log_loss', 'Model__min_samples_leaf': 50, 'Model__n_estimators': 500}",0.8105504971219257,0.7974999162591279,0.8276794230789387,0.8119099454866641,0.012358174969469799,49
6.003198067347209,0.42435282657283513,0.7298444906870524,0.08984554150350153,log_loss,50,1000,"{'Model__criterion': 'log_loss', 'Model__min_samples_leaf': 50, 'Model__n_estimators': 1000}",0.8103160648874935,0.7972350857506532,0.8279037346833957,0.8118182951071807,0.012565402992997857,53
